{"IcoMoonType":"selection","icons":[{"icon":{"paths":["M512 439.603l-362.035-362.035-72.397 72.397 362.035 362.035-362.035 362.035 72.397 72.397 362.035-362.035 362.035 362.035 72.397-72.397-362.035-362.035 362.035-362.035-72.397-72.397-362.035 362.035z"],"attrs":[{}],"isMulticolor":false,"isMulticolor2":false,"tags":["close"],"grid":20},"attrs":[{}],"properties":{"order":1,"id":0,"prevSize":20,"code":59648,"name":"close1"},"setIdx":0,"setId":2,"iconIdx":0},{"icon":{"paths":["M256 272v656h32v-480h480l-176-176 176-176h-512v176z"],"attrs":[{}],"isMulticolor":false,"isMulticolor2":false,"tags":["flag"],"grid":32},"attrs":[{}],"properties":{"order":1,"id":0,"prevSize":32,"code":59649,"name":"flag1"},"setIdx":1,"setId":1,"iconIdx":0},{"icon":{"paths":["M741.714 755.429c0 14.286-5.714 28.571-16 38.857l-77.714 77.714c-10.286 10.286-24.571 16-38.857 16s-28.571-5.714-38.857-16l-168-168-168 168c-10.286 10.286-24.571 16-38.857 16s-28.571-5.714-38.857-16l-77.714-77.714c-10.286-10.286-16-24.571-16-38.857s5.714-28.571 16-38.857l168-168-168-168c-10.286-10.286-16-24.571-16-38.857s5.714-28.571 16-38.857l77.714-77.714c10.286-10.286 24.571-16 38.857-16s28.571 5.714 38.857 16l168 168 168-168c10.286-10.286 24.571-16 38.857-16s28.571 5.714 38.857 16l77.714 77.714c10.286 10.286 16 24.571 16 38.857s-5.714 28.571-16 38.857l-168 168 168 168c10.286 10.286 16 24.571 16 38.857z"],"width":804.5714285714286,"attrs":[],"isMulticolor":false,"isMulticolor2":false,"tags":["close","remove","times"],"defaultCode":61453,"grid":14},"attrs":[],"properties":{"name":"close, remove, times","id":17,"order":7,"prevSize":28,"code":61453},"setIdx":2,"setId":0,"iconIdx":17},{"icon":{"paths":["M182.857 146.286c0 26.286-14.286 49.714-36.571 62.857v723.429c0 9.714-8.571 18.286-18.286 18.286h-36.571c-9.714 0-18.286-8.571-18.286-18.286v-723.429c-22.286-13.143-36.571-36.571-36.571-62.857 0-40.571 32.571-73.143 73.143-73.143s73.143 32.571 73.143 73.143zM1024 182.857v436c0 21.143-13.143 29.143-29.714 37.714-64.571 34.857-136 66.286-210.857 66.286-105.143 0-155.429-80-280-80-90.857 0-186.286 41.143-265.143 83.429-6.286 3.429-12 5.143-18.857 5.143-20 0-36.571-16.571-36.571-36.571v-424c0-13.714 6.857-23.429 17.714-31.429 13.714-9.143 30.286-17.143 45.143-24.571 72-36.571 159.429-68.571 240.571-68.571 89.714 0 160 29.714 239.429 66.857 16 8 32.571 10.857 50.286 10.857 89.714 0 186.286-77.714 211.429-77.714 20 0 36.571 16.571 36.571 36.571z"],"width":1060.5714285714284,"attrs":[],"isMulticolor":false,"isMulticolor2":false,"tags":["flag"],"defaultCode":61476,"grid":14},"attrs":[],"properties":{"name":"flag","id":37,"order":3,"prevSize":28,"code":61476},"setIdx":2,"setId":0,"iconIdx":37},{"icon":{"paths":["M326.286 336.571c-7.429-18.857-28.571-27.429-47.429-20-82.286 33.143-148.571 99.429-181.714 181.714-7.429 18.857 1.143 40 20 47.429 4.571 1.714 9.143 2.857 13.714 2.857 14.857 0 28-8.571 34.286-22.857 25.714-64 77.143-115.429 141.143-141.143 18.857-8 28-29.143 20-48zM864.571 133.143l26.286 26.286-139.429 138.857 38.857 38.857c14.286 14.286 14.286 37.714 0 52l-36.571 36.571c32 57.714 50.857 124.571 50.857 196 0 222.286-180 402.286-402.286 402.286s-402.286-180-402.286-402.286 180-402.286 402.286-402.286c71.429 0 138.286 18.857 196 50.857l36.571-36.571c14.286-14.286 37.714-14.286 52 0l38.857 38.857zM869.143 101.143c-3.429 3.429-8 5.714-12.571 5.714-5.143 0-9.714-2.286-13.143-5.714l-52-51.429c-6.857-7.429-6.857-18.857 0-26.286 7.429-6.857 18.857-6.857 26.286 0l51.429 52c7.429 6.857 7.429 18.857 0 25.714zM1000.571 232.571c-4 3.429-8.571 5.143-13.143 5.143s-9.143-1.714-13.143-5.143l-51.429-52c-7.429-6.857-7.429-18.857 0-25.714 6.857-7.429 18.857-7.429 25.714 0l52 51.429c6.857 7.429 6.857 18.857 0 26.286zM1024 128c0 10.286-8 18.286-18.286 18.286h-54.857c-10.286 0-18.286-8-18.286-18.286s8-18.286 18.286-18.286h54.857c10.286 0 18.286 8 18.286 18.286zM914.286 18.286v54.857c0 10.286-8 18.286-18.286 18.286s-18.286-8-18.286-18.286v-54.857c0-10.286 8-18.286 18.286-18.286s18.286 8 18.286 18.286zM1000.571 49.714l-52 51.429c-3.429 3.429-8 5.714-12.571 5.714-5.143 0-9.714-2.286-13.143-5.714-7.429-6.857-7.429-18.857 0-25.714l51.429-52c7.429-6.857 18.857-6.857 26.286 0 6.857 7.429 6.857 18.857 0 26.286z"],"width":1024,"attrs":[],"isMulticolor":false,"isMulticolor2":false,"tags":["bomb"],"defaultCode":61922,"grid":14},"attrs":[],"properties":{"name":"bomb","id":438,"order":2,"prevSize":28,"code":61922},"setIdx":2,"setId":0,"iconIdx":438}],"height":1024,"metadata":{"name":"minesweeper-qazzian","designer":"Qazzian"},"preferences":{"showGlyphs":true,"showQuickUse":true,"showQuickUse2":true,"showSVGs":true,"fontPref":{"prefix":"icon-","metadata":{"fontFamily":"minesweeper-qazzian","majorVersion":1,"minorVersion":0,"designer":"Qazzian","copyright":"Mixed"},"metrics":{"emSize":1024,"baseline":6.25,"whitespace":50},"embed":false,"includeMetadata":true,"showSelector":false,"selector":"class","classSelector":".icon","showMetrics":true,"showMetadata":false,"showVersion":true},"imagePref":{"prefix":"icon-","png":true,"useClassSelector":true,"color":0,"bgColor":16777215,"classSelector":".icon"},"historySize":50,"showCodes":true,"gridSize":16}}